{
  "timestamp": "2025-11-01T20:25:52.605258",
  "total_destinations": 919,
  "generated": 919,
  "failed": 0,
  "final_coverage": 919,
  "estimated_cost": 0.00375587
}